data,consumido,liberado,refeicoes,nao_consumidas,z,z_robusto
2026-07-01,339.92,360.02,3,0,0.15101467552519612,-0.23379408212559877
2026-07-02,324.06,341.87,3,0,-0.1261060390658755,-1.525771135265692
2026-07-03,329.08,353.03,3,0,-0.03839191628862624,-1.1168351449275307
2026-07-04,343.3,364.12,3,0,0.21007318847083423,0.0415452898550762
2026-07-05,340.58,356.36,3,0,0.16254681118913678,-0.18002958937197838
2026-07-06,344.32,359.83,3,0,0.22789557995147028,0.12463586956521935
2026-07-07,353.59,361.82,3,0,0.3898696672313711,0.87978260869565
2026-07-08,323.07,347.11,3,0,-0.14340424256178744,-1.6064178743961273
2026-07-09,347.0,358.03,3,0,0.27472303992020125,0.3429522946859921
2026-07-10,116.06,352.37,3,0,-3.7604760664897627,-18.469732487922634
2026-07-11,351.12,359.17,3,0,0.34671152315571296,0.6785730676328512
2026-07-12,375.45,400.59,4,0,0.7718279787673625,2.6605277777777703
2026-07-13,387.02,400.77,4,0,0.9739898115428162,3.6030356280193123
2026-07-14,340.8,352.92,3,0,0.16639085641045095,-0.16210809178743515
2026-07-15,370.73,376.34000000000003,3,0,0.6893557358373595,2.276030193236711
2026-07-16,335.21,345.74,3,0,0.06871716192343344,-0.6174770531400932
2026-07-17,241.77999999999997,361.67,3,1,-1.5637789518372098,-8.228411231884028
2026-07-18,352.39,361.45,3,0,0.36890214784238734,0.7820289855072454
2026-07-19,345.69,361.31,3,0,0.25183349792056037,0.23623792270531593
2026-07-20,338.13,360.51,3,0,0.11973812576996136,-0.3796099033816385
2026-07-21,329.26,356.54,3,0,-0.035246788380278525,-1.1021721014492694
2026-07-22,350.74,358.46,3,0,0.3400718086825348,0.6476177536231897
2026-07-23,346.77,366.01,3,0,0.2707042653706457,0.3242161835748796
2026-07-24,359.24,367.01,3,0,0.48859173768783787,1.3400392512077284
2026-07-25,399.56,408.32,3,0,1.193100389157699,4.624560990338151
2026-07-26,362.18,363.75,3,0,0.5399621601908485,1.5795356280193213
2026-07-27,348.21000000000004,365.32,3,0,0.2958652886374274,0.44152053140097053
2026-07-28,344.58000000000004,367.62,3,0,0.23243854248575097,0.14581582125604442
2026-07-29,333.17,357.25,3,0,0.03307237896216133,-0.7836582125603794
2026-07-30,330.9,352.22,3,0,-0.0065911785486673456,-0.9685754830917829
2026-07-31,351.02,365.12,3,0,0.3449642298732972,0.6704269323671488
2026-08-01,144.78,362.98,3,0,-3.25865343578008,-16.130162439613468
2026-08-02,332.32,353.89,3,0,0.018220386061630626,-0.8529003623188351
2026-08-03,350.02,372.51,3,0,0.3274912970491439,0.5889655797101443
2026-08-04,331.57,353.71000000000004,3,0,0.0051156864435156464,-0.9139963768115885
2026-08-05,348.25,360.87,3,0,0.2965642059503929,0.44477898550724776
2026-08-06,341.05999999999995,356.76,3,0,0.17093381894472967,-0.14092814009661933
2026-08-07,338.45,362.21,3,0,0.1253294642736903,-0.35354227053139764
2026-08-08,237.86,360.39,3,1,-1.6322728485078901,-8.547739734299483
2026-08-09,343.83,361.97,3,0,0.219333842867635,0.08471980676328639
2026-08-10,348.3,368.0,3,0,0.29743785259160077,0.4488520531400989
2026-08-11,338.45,356.56,3,0,0.1253294642736903,-0.35354227053139764
2026-08-12,328.46999999999997,355.28,3,0,-0.04905040531135999,-1.1665265700483045
2026-08-13,333.7,354.64,3,0,0.04233303335896211,-0.7404836956521692
2026-08-14,338.94,355.59000000000003,3,0,0.13389120135752558,-0.3136262077294647
2026-08-15,402.21000000000004,424.2,3,0,1.2394036611417059,4.840433574879215
2026-08-16,366.74,382.97,4,0,0.6196387338689876,1.9509993961352623
2026-08-17,359.65999999999997,376.6,3,0,0.49593036947398156,1.374253019323667
2026-08-18,385.44,403.52,4,0,0.9463825776806543,3.4743266908212465
2026-08-19,337.40000000000003,355.37,3,0,0.10698288480833013,-0.4390766908212487
2026-08-20,341.25,362.86,3,0,0.17425367618131976,-0.12545048309178403
2026-08-21,396.65999999999997,413.57,4,0,1.1424288839676537,4.388323067632835
2026-08-22,118.15,358.13,3,0,-3.7239576368872824,-18.299478260869495
2026-08-23,357.74,369.69,3,0,0.4623823384516079,1.2178472222222216
2026-08-24,345.56,369.07,3,0,0.24956201665342054,0.22564794685990572
2026-08-25,334.15,355.24,3,0,0.050195853129830895,-0.7038260869565182
2026-08-26,329.22,353.21,3,0,-0.035945705693244026,-1.1054305555555464
2026-08-27,351.98,362.98,3,0,0.361738245384485,0.7486298309178762
2026-08-28,245.07,355.98,3,1,-1.5062930028457453,-7.9604033816424815
2026-08-29,339.07,356.46999999999997,3,0,0.13616268262466544,-0.3030362318840545
2026-08-30,337.99,356.66,3,0,0.11729191517458014,-0.3910144927536181
2026-08-31,339.24,353.02,3,0,0.13913308120477177,-0.28918780193236243
2026-09-01,350.39,368.74,3,0,0.33395628219408074,0.6191062801932363
2026-09-02,341.81,366.88,3,0,0.18403851856284564,-0.0798321256038613
2026-09-03,338.56,361.15999999999997,3,0,0.1272514868843474,-0.34458152173912604
2026-09-04,377.21000000000004,399.62,4,0,0.8025803405378732,2.803899758454102
2026-09-05,420.12,436.73,3,0,1.552343888022291,6.2994064009661646
2026-09-06,329.32,350.12,3,0,-0.03419841241082929,-1.0972844202898486
2026-09-07,339.54,355.83000000000004,3,0,0.14437496105201797,-0.2647493961352601
2026-09-08,349.28999999999996,365.40999999999997,3,0,0.3147360560875117,0.5294987922705294
2026-09-09,339.7,358.93,3,0,0.14717063030388194,-0.25171557971014197
2026-09-10,112.85,365.25,3,0,-3.8165641808552953,-18.73122342995162
2026-09-11,327.19,347.57000000000005,3,0,-0.07141575932627575,-1.270797101449268
2026-09-12,343.07,353.69,3,0,0.20605441392127866,0.022809178743963678
2026-09-13,342.51,358.58,3,0,0.19626957153975275,-0.02280917874395905
2026-09-14,349.77,366.23,3,0,0.3231230638431056,0.5686002415458932
2026-09-15,357.59000000000003,385.22,4,0,0.4597613985279853,1.2056280193236728
2026-09-16,347.86,360.09,3,0,0.28974976214897336,0.4130090579710171
2026-09-17,339.79,356.05,3,0,0.1487431942580563,-0.24438405797100898
2026-09-18,249.62,360.39,3,1,-1.4267911584958475,-7.58975422705311
2026-09-19,345.55,355.14,3,0,0.24938728732517917,0.22483333333333644
2026-09-20,333.52,353.93,3,0,0.039187905450614395,-0.7551467391304306
2026-09-21,335.09,360.38,3,0,0.06662040998453496,-0.627252415458934
2026-09-22,363.8,377.14,3,0,0.568268311365977,1.7115030193236693
2026-09-23,347.42,360.3,3,0,0.28206167170634594,0.37716606280193526
2026-09-24,345.73,366.16,3,0,0.2525324152335269,0.23949637681159777
2026-09-25,132.57999999999998,362.17,3,0,-3.4718232162347507,-17.123990942028925
2026-09-26,361.81,366.57,3,0,0.5334971750459118,1.5493949275362295
2026-09-27,350.48,363.98,3,0,0.33552884614825507,0.6264378019323693
2026-09-28,344.32000000000005,362.15,3,0,0.22789557995147128,0.12463586956522399
